<?xml version="1.0" encoding="UTF-8"?>
<project-private xmlns="http://www.netbeans.org/ns/project-private/1">
    <editor-bookmarks xmlns="http://www.netbeans.org/ns/editor-bookmarks/2" lastBookmarkId="0"/>
    <open-files xmlns="http://www.netbeans.org/ns/projectui-open-files/2">
        <group>
            <file>file:/C:/Users/ARIEL%20D%20OCAMPO/Downloads/OOP%20AND%20DBMS/OOP%20AND%20DBMS/src/Project/Lipa4.java</file>
            <file>file:/C:/Users/ARIEL%20D%20OCAMPO/Downloads/OOP%20AND%20DBMS/OOP%20AND%20DBMS/src/Project/admintab.java</file>
            <file>file:/C:/Users/ARIEL%20D%20OCAMPO/Downloads/OOP%20AND%20DBMS/OOP%20AND%20DBMS/src/Project/Bauan1.java</file>
            <file>file:/C:/Users/ARIEL%20D%20OCAMPO/Downloads/OOP%20AND%20DBMS/OOP%20AND%20DBMS/src/Project/LogIn.java</file>
            <file>file:/C:/Users/ARIEL%20D%20OCAMPO/Downloads/OOP%20AND%20DBMS/OOP%20AND%20DBMS/src/Project/Lipa5.java</file>
            <file>file:/C:/Users/ARIEL%20D%20OCAMPO/Downloads/OOP%20AND%20DBMS/OOP%20AND%20DBMS/src/Project/lipatab.java</file>
            <file>file:/C:/Users/ARIEL%20D%20OCAMPO/Downloads/OOP%20AND%20DBMS/OOP%20AND%20DBMS/src/Project/Bauan4.java</file>
            <file>file:/C:/Users/ARIEL%20D%20OCAMPO/Downloads/OOP%20AND%20DBMS/OOP%20AND%20DBMS/src/Project/Bauan5.java</file>
            <file>file:/C:/Users/ARIEL%20D%20OCAMPO/Downloads/OOP%20AND%20DBMS/OOP%20AND%20DBMS/src/Project/adminlipa4.java</file>
            <file>file:/C:/Users/ARIEL%20D%20OCAMPO/Downloads/OOP%20AND%20DBMS/OOP%20AND%20DBMS/src/Project/Lipa2.java</file>
            <file>file:/C:/Users/ARIEL%20D%20OCAMPO/Downloads/OOP%20AND%20DBMS/OOP%20AND%20DBMS/src/Project/Lipa3.java</file>
            <file>file:/C:/Users/ARIEL%20D%20OCAMPO/Downloads/OOP%20AND%20DBMS/OOP%20AND%20DBMS/src/Project/bauantab.java</file>
            <file>file:/C:/Users/ARIEL%20D%20OCAMPO/Downloads/OOP%20AND%20DBMS/OOP%20AND%20DBMS/src/Project/loginbauan.java</file>
            <file>file:/C:/Users/ARIEL%20D%20OCAMPO/Downloads/OOP%20AND%20DBMS/OOP%20AND%20DBMS/src/Project/AdminLogin.java</file>
            <file>file:/C:/Users/ARIEL%20D%20OCAMPO/Downloads/OOP%20AND%20DBMS/OOP%20AND%20DBMS/src/Project/Bauan2.java</file>
            <file>file:/C:/Users/ARIEL%20D%20OCAMPO/Downloads/OOP%20AND%20DBMS/OOP%20AND%20DBMS/src/Project/TAB1.java</file>
            <file>file:/C:/Users/ARIEL%20D%20OCAMPO/Downloads/OOP%20AND%20DBMS/OOP%20AND%20DBMS/src/Project/bauan1login.java</file>
            <file>file:/C:/Users/ARIEL%20D%20OCAMPO/Downloads/OOP%20AND%20DBMS/OOP%20AND%20DBMS/src/Project/Bauan3.java</file>
            <file>file:/C:/Users/ARIEL%20D%20OCAMPO/Downloads/OOP%20AND%20DBMS/OOP%20AND%20DBMS/src/Project/Cantos.java</file>
        </group>
    </open-files>
</project-private>
